idx,model,chain,resid,icode,resname,atom,element,het,x,y,z,bfactor
0,0,A,13,,THR,N,N,False,0.41100001335144043,47.27199935913086,30.976999282836914,157.56
1,0,A,13,,THR,CA,C,False,-0.1589999943971634,46.349998474121094,29.944000244140625,157.08
2,0,A,13,,THR,C,C,False,-0.10300000011920929,46.821998596191406,28.476999282836914,154.57
3,0,A,13,,THR,O,O,False,-0.7329999804496765,46.1870002746582,27.621999740600586,156.07
4,0,A,13,,THR,CB,C,False,-1.6380000114440918,45.9640007019043,30.27400016784668,158.69
5,0,A,13,,THR,OG1,O,False,-2.447999954223633,47.143001556396484,30.42099952697754,160.07
6,0,A,13,,THR,CG2,C,False,-1.7100000381469727,45.143001556396484,31.552000045776367,159.95
7,0,A,13,,THR,HA,H,False,0.48500001430511475,45.479000091552734,29.892000198364258,157.71
8,0,A,13,,THR,HB,H,False,-1.965000033378601,45.395999908447266,29.413000106811523,157.71
9,0,A,13,,THR,HG1,H,False,-2.0759999752044678,47.69200134277344,31.10700035095215,157.71
10,0,A,13,,THR,HG21,H,False,-1.1100000143051147,44.25400161743164,31.42300033569336,157.71
11,0,A,13,,THR,HG22,H,False,-1.3580000400543213,45.73899841308594,32.375,157.71
12,0,A,13,,THR,HG23,H,False,-2.749000072479248,44.87200164794922,31.663000106811523,157.71
13,0,A,14,,GLY,N,N,False,0.628000020980835,47.891998291015625,28.141000747680664,150.36
14,0,A,14,,GLY,CA,C,False,0.718999981880188,48.40999984741211,26.767000198364258,142.74
15,0,A,14,,GLY,C,C,False,-0.33500000834465027,49.47999954223633,26.47800064086914,136.49
16,0,A,14,,GLY,O,O,False,-0.013000000268220901,50.66899871826172,26.589000701904297,137.36
17,0,A,14,,GLY,H,H,False,1.1349999904632568,48.40999984741211,28.812000274658203,141.74
18,0,A,14,,GLY,HA2,H,False,1.7000000476837158,48.81800079345703,26.548999786376953,141.74
19,0,A,14,,GLY,HA3,H,False,0.5370000004768372,47.57400131225586,26.108999252319336,141.74
20,0,A,15,,ASP,N,N,False,-1.5479999780654907,49.084999084472656,26.06999969482422,128.49
21,0,A,15,,ASP,CA,C,False,-2.5880000591278076,50.07500076293945,25.808000564575195,118.23
22,0,A,15,,ASP,C,C,False,-3.815000057220459,49.68299865722656,24.979999542236328,110.04
23,0,A,15,,ASP,O,O,False,-4.326000213623047,48.55699920654297,25.003000259399414,109.64
24,0,A,15,,ASP,CB,C,False,-1.9839999675750732,51.369998931884766,25.25200080871582,119.46
25,0,A,15,,ASP,CG,C,False,-2.0850000381469727,52.529998779296875,26.226999282836914,118.84
26,0,A,15,,ASP,OD1,O,False,-2.765000104904175,52.41999816894531,27.274999618530273,117.7
27,0,A,15,,ASP,OD2,O,False,-1.4730000495910645,53.58000183105469,25.947999954223633,120.18
28,0,A,15,,ASP,H,H,False,-1.7480000257492065,48.132999420166016,25.92099952697754,117.82
29,0,A,15,,ASP,HA,H,False,-3.0339999198913574,50.29800033569336,26.767000198364258,117.82
30,0,A,15,,ASP,HB2,H,False,-0.968999981880188,51.137001037597656,24.96299934387207,117.82
31,0,A,15,,ASP,HB3,H,False,-2.375,51.60499954223633,24.277000427246094,117.82
32,0,A,16,,ASN,N,N,False,-4.260000228881836,50.7400016784668,24.29199981689453,99.6
33,0,A,16,,ASN,CA,C,False,-5.418000221252441,50.85499954223633,23.416000366210938,87.55
34,0,A,16,,ASN,C,C,False,-6.374000072479248,51.56999969482422,24.371999740600586,76.04
35,0,A,16,,ASN,O,O,False,-7.396999835968018,52.14899826049805,23.97800064086914,75.19
36,0,A,16,,ASN,CB,C,False,-5.980999946594238,49.49700164794922,22.972999572753906,92.49
37,0,A,16,,ASN,CG,C,False,-5.080999851226807,48.7599983215332,21.979999542236328,95.86
38,0,A,16,,ASN,OD1,O,False,-4.757999897003174,47.577999114990234,22.187000274658203,97.3
39,0,A,16,,ASN,ND2,N,False,-4.675000190734863,49.45000076293945,20.909000396728516,98.05
40,0,A,16,,ASN,H,H,False,-3.7809998989105225,51.58700180053711,24.381999969482422,90.26
41,0,A,16,,ASN,HA,H,False,-5.160999774932861,51.49100112915039,22.573999404907227,90.26
42,0,A,16,,ASN,HB2,H,False,-6.052000045776367,48.90599822998047,23.86400032043457,90.26
43,0,A,16,,ASN,HB3,H,False,-6.935999870300293,49.66400146484375,22.50200080871582,90.26
44,0,A,16,,ASN,HD21,H,False,-4.058000087738037,49.00299835205078,20.281999588012695,90.26
45,0,A,16,,ASN,HD22,H,False,-4.945000171661377,50.367000579833984,20.70800018310547,90.26
46,0,A,17,,SER,N,N,False,-5.946000099182129,51.494998931884766,25.628999710083008,61.12
47,0,A,17,,SER,CA,C,False,-6.565999984741211,52.077999114990234,26.822999954223633,46.62
48,0,A,17,,SER,C,C,False,-6.322999954223633,53.58399963378906,26.7549991607666,37.94
49,0,A,17,,SER,O,O,False,-5.202000141143799,54.012001037597656,26.4950008392334,36.14
50,0,A,17,,SER,CB,C,False,-5.914999961853027,51.52899932861328,28.104000091552734,44.98
51,0,A,17,,SER,OG,O,False,-6.61299991607666,51.93600082397461,29.259000778198242,39.85
52,0,A,17,,SER,H,H,False,-5.117000102996826,50.987998962402344,25.792999267578125,44.44
53,0,A,17,,SER,HA,H,False,-7.619999885559082,51.88600158691406,26.80500030517578,44.44
54,0,A,17,,SER,HB2,H,False,-5.802000045776367,50.45500183105469,28.089000701904297,44.44
55,0,A,17,,SER,HB3,H,False,-4.9120001792907715,51.935001373291016,28.226999282836914,44.44
56,0,A,17,,SER,HG,H,False,-6.738999843597412,52.89099884033203,29.288999557495117,44.44
57,0,A,18,,ASN,N,N,False,-7.343999862670898,54.39099884033203,26.985000610351562,28.24
58,0,A,18,,ASN,CA,C,False,-7.164000034332275,55.834999084472656,26.908000946044922,21.25
59,0,A,18,,ASN,C,C,False,-7.322999954223633,56.520999908447266,28.253999710083008,16.15
60,0,A,18,,ASN,O,O,False,-7.28000020980835,57.750999450683594,28.319000244140625,14.83
61,0,A,18,,ASN,CB,C,False,-8.182999610900879,56.448001861572266,25.934999465942383,24.28
62,0,A,18,,ASN,CG,C,False,-7.836999893188477,56.23099899291992,24.45800018310547,25.65
63,0,A,18,,ASN,OD1,O,False,-8.73799991607666,56.17399978637695,23.64299964904785,28.85
64,0,A,18,,ASN,ND2,N,False,-6.552999973297119,56.13399887084961,24.10700035095215,28.45
65,0,A,18,,ASN,H,H,False,-8.196000099182129,53.9739990234375,27.21299934387207,23.46
66,0,A,18,,ASN,HA,H,False,-6.166999816894531,56.06700134277344,26.559999465942383,23.46
67,0,A,18,,ASN,HB2,H,False,-9.142999649047852,55.98699951171875,26.114999771118164,23.46
68,0,A,18,,ASN,HB3,H,False,-8.27299976348877,57.50899887084961,26.10099983215332,23.46
69,0,A,18,,ASN,HD21,H,False,-6.297999858856201,55.96900177001953,23.174999237060547,23.46
70,0,A,18,,ASN,HD22,H,False,-5.841000080108643,56.23400115966797,24.770999908447266,23.46
71,0,A,19,,VAL,N,N,False,-7.551000118255615,55.74800109863281,29.312999725341797,12.9
72,0,A,19,,VAL,CA,C,False,-7.709000110626221,56.34600067138672,30.631999969482422,11.37
73,0,A,19,,VAL,C,C,False,-6.840000152587891,55.63399887084961,31.656999588012695,9.64
74,0,A,19,,VAL,O,O,False,-6.315000057220459,54.55500030517578,31.402999877929688,10.1
75,0,A,19,,VAL,CB,C,False,-9.184000015258789,56.27000045776367,31.160999298095703,12.1
76,0,A,19,,VAL,CG1,C,False,-10.126999855041504,57.20000076293945,30.374000549316406,13.49
77,0,A,19,,VAL,CG2,C,False,-9.717000007629395,54.84299850463867,31.17300033569336,9.84
78,0,A,19,,VAL,H,H,False,-7.61299991607666,54.779998779296875,29.207000732421875,11.35
79,0,A,19,,VAL,HA,H,False,-7.408999919891357,57.38800048828125,30.618999481201172,11.35
80,0,A,19,,VAL,HB,H,False,-9.20199966430664,55.867000579833984,30.173999786376953,11.35
81,0,A,19,,VAL,HG11,H,False,-10.156000137329102,56.93299865722656,29.32900047302246,11.35
82,0,A,19,,VAL,HG12,H,False,-11.12600040435791,57.08000183105469,30.768999099731445,11.35
83,0,A,19,,VAL,HG13,H,False,-9.869000434875488,58.24800109863281,30.433000564575195,11.35
84,0,A,19,,VAL,HG21,H,False,-9.656999588012695,54.290000915527344,30.246999740600586,11.35
85,0,A,19,,VAL,HG22,H,False,-9.147000312805176,54.284000396728516,31.89900016784668,11.35
86,0,A,19,,VAL,HG23,H,False,-10.73900032043457,54.88600158691406,31.520999908447266,11.35
87,0,A,20,,VAL,N,N,False,-6.682000160217285,56.2859992980957,32.805999755859375,10.73
88,0,A,20,,VAL,CA,C,False,-5.927000045776367,55.71200180053711,33.90599822998047,10.52
89,0,A,20,,VAL,C,C,False,-6.685999870300293,54.46500015258789,34.38600158691406,10.87
90,0,A,20,,VAL,O,O,False,-7.927000045776367,54.43000030517578,34.387001037597656,11.63
91,0,A,20,,VAL,CB,C,False,-5.813000202178955,56.689998626708984,35.112998962402344,9.34
92,0,A,20,,VAL,CG1,C,False,-4.867000102996826,57.82400131225586,34.79499816894531,8.61
93,0,A,20,,VAL,CG2,C,False,-7.171000003814697,57.28900146484375,35.49599838256836,10.24
94,0,A,20,,VAL,H,H,False,-7.090000152587891,57.172000885009766,32.88800048828125,10.28
95,0,A,20,,VAL,HA,H,False,-4.947999954223633,55.40399932861328,33.56800079345703,10.28
96,0,A,20,,VAL,HB,H,False,-5.421000003814697,56.167999267578125,35.97100067138672,10.28
97,0,A,20,,VAL,HG11,H,False,-5.23199987411499,58.347999572753906,33.922000885009766,10.28
98,0,A,20,,VAL,HG12,H,False,-4.8379998207092285,58.47600173950195,35.654998779296875,10.28
99,0,A,20,,VAL,HG13,H,False,-3.890000104904175,57.42399978637695,34.58599853515625,10.28
100,0,A,20,,VAL,HG21,H,False,-7.870999813079834,56.50899887084961,35.73899841308594,10.28
101,0,A,20,,VAL,HG22,H,False,-7.021999835968018,57.94200134277344,36.34600067138672,10.28
102,0,A,20,,VAL,HG23,H,False,-7.554999828338623,57.89400100708008,34.6870002746582,10.28
103,0,A,21,,THR,N,N,False,-5.956999778747559,53.40999984741211,34.73400115966797,10.35
104,0,A,21,,THR,CA,C,False,-6.578000068664551,52.18600082397461,35.233001708984375,11.35
105,0,A,21,,THR,C,C,False,-5.85699987411499,51.76100158691406,36.51100158691406,11.35
106,0,A,21,,THR,O,O,False,-4.684999942779541,52.0880012512207,36.709999084472656,10.58
107,0,A,21,,THR,CB,C,False,-6.5269999504089355,51.047000885009766,34.21099853515625,10.27
108,0,A,21,,THR,OG1,O,False,-5.176000118255615,50.891998291015625,33.779998779296875,12.84
109,0,A,21,,THR,CG2,C,False,-7.414999961853027,51.369998931884766,33.005001068115234,11.04
110,0,A,21,,THR,H,H,False,-4.984000205993652,53.47800064086914,34.64400100708008,11.11
111,0,A,21,,THR,HA,H,False,-7.614999771118164,52.38800048828125,35.46799850463867,11.11
112,0,A,21,,THR,HB,H,False,-6.814000129699707,50.10599899291992,34.6609992980957,11.11
113,0,A,21,,THR,HG1,H,False,-4.568999767303467,50.7400016784668,34.5099983215332,11.11
114,0,A,21,,THR,HG21,H,False,-7.135000228881836,52.31700134277344,32.566001892089844,11.11
115,0,A,21,,THR,HG22,H,False,-7.295000076293945,50.57699966430664,32.28499984741211,11.11
116,0,A,21,,THR,HG23,H,False,-8.439000129699707,51.435001373291016,33.34700012207031,11.11
117,0,A,22,,MET,N,N,False,-6.559999942779541,51.04100036621094,37.37699890136719,11.42
118,0,A,22,,MET,CA,C,False,-6.013000011444092,50.566001892089844,38.63999938964844,13.46
119,0,A,22,,MET,C,C,False,-5.048999786376953,49.40399932861328,38.472999572753906,15.12
120,0,A,22,,MET,O,O,False,-5.171000003814697,48.5890007019043,37.564998626708984,16.46
121,0,A,22,,MET,CB,C,False,-7.1519999504089355,50.11000061035156,39.566001892089844,15.0
122,0,A,22,,MET,CG,C,False,-6.75600004196167,49.6879997253418,40.9900016784668,18.2
123,0,A,22,,MET,SD,S,False,-7.997000217437744,50.26900100708008,42.143001556396484,25.57
124,0,A,22,,MET,CE,C,False,-9.366000175476074,49.33300018310547,41.625999450683594,25.08
125,0,A,22,,MET,H,H,False,-7.48199987411499,50.81800079345703,37.13999938964844,17.54
126,0,A,22,,MET,HA,H,False,-5.499000072479248,51.38100051879883,39.12699890136719,17.54
127,0,A,22,,MET,HB2,H,False,-7.811999797821045,50.95500183105469,39.65999984741211,17.54
128,0,A,22,,MET,HB3,H,False,-7.644999980926514,49.27299880981445,39.0989990234375,17.54
129,0,A,22,,MET,HG2,H,False,-6.710999965667725,48.617000579833984,41.11800003051758,17.54
130,0,A,22,,MET,HG3,H,False,-5.84499979019165,50.15800094604492,41.327999114990234,17.54
131,0,A,22,,MET,HE1,H,False,-9.034000396728516,48.30699920654297,41.66999816894531,17.54
132,0,A,22,,MET,HE2,H,False,-10.225000381469727,49.52899932861328,42.24800109863281,17.54
133,0,A,22,,MET,HE3,H,False,-9.597999572753906,49.60300064086914,40.606998443603516,17.54
134,0,A,23,,ILE,N,N,False,-4.0269999504089355,49.41600036621094,39.31800079345703,16.92
135,0,A,23,,ILE,CA,C,False,-2.993000030517578,48.38999938964844,39.40800094604492,19.11
136,0,A,23,,ILE,C,C,False,-3.2269999980926514,47.75199890136719,40.78300094604492,18.9
137,0,A,23,,ILE,O,O,False,-3.3320000171661377,48.444000244140625,41.80799865722656,18.16
138,0,A,23,,ILE,CB,C,False,-1.5720000267028809,48.972999572753906,39.45100021362305,20.34
139,0,A,23,,ILE,CG1,C,False,-1.1299999952316284,49.41600036621094,38.07099914550781,18.65
140,0,A,23,,ILE,CG2,C,False,-0.5979999899864197,47.922000885009766,40.0,23.29
141,0,A,23,,ILE,CD1,C,False,0.17599999904632568,50.15299987792969,38.20000076293945,16.72
142,0,A,23,,ILE,H,H,False,-3.9679999351501465,50.180999755859375,39.933998107910156,19.01
143,0,A,23,,ILE,HA,H,False,-3.068000078201294,47.680999755859375,38.60300064086914,19.01
144,0,A,23,,ILE,HB,H,False,-1.5,49.85499954223633,40.073001861572266,19.01
145,0,A,23,,ILE,HG12,H,False,-1.1269999742507935,48.54100036621094,37.435001373291016,19.01
146,0,A,23,,ILE,HG13,H,False,-1.8919999599456787,50.058998107910156,37.65800094604492,19.01
147,0,A,23,,ILE,HG21,H,False,-0.6499999761581421,47.04999923706055,39.367000579833984,19.01
148,0,A,23,,ILE,HG22,H,False,0.4020000100135803,48.32899856567383,40.01499938964844,19.01
149,0,A,23,,ILE,HG23,H,False,-0.8370000123977661,47.60499954223633,41.00600051879883,19.01
150,0,A,23,,ILE,HD11,H,False,0.0820000022649765,51.00600051879883,38.8489990234375,19.01
151,0,A,23,,ILE,HD12,H,False,0.9269999861717224,49.483001708984375,38.595001220703125,19.01
152,0,A,23,,ILE,HD13,H,False,0.460999995470047,50.422000885009766,37.194000244140625,19.01
153,0,A,24,,ARG,N,N,False,-3.371999979019165,46.435001373291016,40.81100082397461,23.54
154,0,A,24,,ARG,CA,C,False,-3.621000051498413,45.76900100708008,42.08599853515625,27.67
155,0,A,24,,ARG,C,C,False,-2.303999900817871,45.40299987792969,42.76300048828125,26.31
156,0,A,24,,ARG,O,O,False,-1.9220000505447388,44.22999954223633,42.77899932861328,29.85
157,0,A,24,,ARG,CB,C,False,-4.521999835968018,44.53799819946289,41.887001037597656,32.46
158,0,A,24,,ARG,CG,C,False,-5.86299991607666,44.85499954223633,41.207000732421875,42.27
159,0,A,24,,ARG,CD,C,False,-6.841000080108643,43.67599868774414,41.29199981689453,50.29
160,0,A,24,,ARG,NE,N,False,-8.012999534606934,43.823001861572266,40.41899871826172,58.63
161,0,A,24,,ARG,CZ,C,False,-8.791000366210938,44.904998779296875,40.35200119018555,61.66
162,0,A,24,,ARG,NH1,N,False,-8.675999641418457,45.75400161743164,39.34000015258789,63.44
163,0,A,24,,ARG,NH2,N,False,-9.694999694824219,45.14099884033203,41.29800033569336,63.61
164,0,A,24,,ARG,H,H,False,-3.3010001182556152,45.935001373291016,39.97600173950195,43.61
165,0,A,24,,ARG,HA,H,False,-4.160999774932861,46.433998107910156,42.75199890136719,43.61
166,0,A,24,,ARG,HB2,H,False,-4.0,43.840999603271484,41.249000549316406,43.61
167,0,A,24,,ARG,HB3,H,False,-4.701000213623047,44.04600143432617,42.83000183105469,43.61
168,0,A,24,,ARG,HG2,H,False,-6.296000003814697,45.76599884033203,41.59199905395508,43.61
169,0,A,24,,ARG,HG3,H,False,-5.684000015258789,45.00400161743164,40.150001525878906,43.61
170,0,A,24,,ARG,HD2,H,False,-6.328999996185303,42.76300048828125,41.0260009765625,43.61
171,0,A,24,,ARG,HD3,H,False,-7.132999897003174,43.59400177001953,42.32899856567383,43.61
172,0,A,24,,ARG,HE,H,False,-8.251999855041504,43.0620002746582,39.85100173950195,43.61
173,0,A,24,,ARG,HH11,H,False,-7.988999843597412,45.62900161743164,38.630001068115234,43.61
174,0,A,24,,ARG,HH12,H,False,-9.319999694824219,46.52199935913086,39.334999084472656,43.61
175,0,A,24,,ARG,HH21,H,False,-9.74899959564209,44.53900146484375,42.095001220703125,43.61
176,0,A,24,,ARG,HH22,H,False,-10.345999717712402,45.90299987792969,41.275001525878906,43.61
177,0,A,25,,ALA,N,N,False,-1.6269999742507935,46.42100143432617,43.29899978637695,22.04
178,0,A,25,,ALA,CA,C,False,-0.3490000069141388,46.31100082397461,43.99300003051758,18.41
179,0,A,25,,ALA,C,C,False,-0.4399999976158142,45.33700180053711,45.16999816894531,18.36
180,0,A,25,,ALA,O,O,False,-1.4780000448226929,45.19499969482422,45.84400177001953,17.59
181,0,A,25,,ALA,CB,C,False,0.07900000363588333,47.685001373291016,44.50699996948242,15.73
182,0,A,25,,ALA,H,H,False,-2.0420000553131104,47.30799865722656,43.222999572753906,18.42
183,0,A,25,,ALA,HA,H,False,0.3840000033378601,45.99599838256836,43.27000045776367,18.42
184,0,A,25,,ALA,HB1,H,False,-0.6710000038146973,48.06800079345703,45.183998107910156,18.42
185,0,A,25,,ALA,HB2,H,False,1.0219999551773071,47.57699966430664,45.01900100708008,18.42
186,0,A,25,,ALA,HB3,H,False,0.19599999487400055,48.354000091552734,43.66999816894531,18.42
187,0,A,26,,GLY,N,N,False,0.6809999942779541,44.66999816894531,45.422000885009766,16.83
188,0,A,26,,GLY,CA,C,False,0.8209999799728394,43.694000244140625,46.48899841308594,14.71
189,0,A,26,,GLY,C,C,False,1.6540000438690186,44.229000091552734,47.625,14.51
190,0,A,26,,GLY,O,O,False,1.4520000219345093,45.347999572753906,48.09400177001953,15.05
191,0,A,26,,GLY,H,H,False,1.465000033378601,44.85499954223633,44.867000579833984,15.27
192,0,A,26,,GLY,HA2,H,False,-0.15700000524520874,43.45500183105469,46.88100051879883,15.27
193,0,A,26,,GLY,HA3,H,False,1.3049999475479126,42.81700134277344,46.09299850463867,15.27
194,0,A,27,,SER,N,N,False,2.5999999046325684,43.41600036621094,48.073001861572266,12.85
195,0,A,27,,SER,CA,C,False,3.4769999980926514,43.784000396728516,49.17300033569336,12.09
196,0,A,27,,SER,C,C,False,4.5320000648498535,44.75600051879883,48.6879997253418,10.66
197,0,A,27,,SER,O,O,False,4.776000022888184,44.858001708984375,47.48500061035156,9.72
198,0,A,27,,SER,CB,C,False,4.1579999923706055,42.53099822998047,49.707000732421875,12.03
199,0,A,27,,SER,OG,O,False,3.191999912261963,41.659000396728516,50.255001068115234,15.17
200,0,A,27,,SER,H,H,False,2.7130000591278076,42.54800033569336,47.63399887084961,11.33
201,0,A,27,,SER,HA,H,False,2.9140000343322754,44.25,49.96900177001953,11.33
202,0,A,27,,SER,HB2,H,False,4.586999893188477,41.99100112915039,48.87300109863281,13.6
203,0,A,27,,SER,HB3,H,False,4.927999973297119,42.762001037597656,50.428001403808594,13.6
204,0,A,27,,SER,HG,H,False,3.63700008392334,40.86199951171875,50.54199981689453,13.6
205,0,A,29,,PRO,N,N,False,7.809999942779541,46.106998443603516,47.41999816894531,9.31
206,0,A,29,,PRO,CA,C,False,8.883999824523926,45.36399841308594,46.755001068115234,9.29
207,0,A,29,,PRO,C,C,False,10.317999839782715,45.641998291015625,47.18899917602539,8.86
208,0,A,29,,PRO,O,O,False,10.538000106811523,46.50299835205078,48.02799987792969,9.19
209,0,A,29,,PRO,CB,C,False,8.706000328063965,45.79100036621094,45.31999969482422,8.42
210,0,A,29,,PRO,CG,C,False,8.289999961853027,47.233001708984375,45.41999816894531,8.52
211,0,A,29,,PRO,CD,C,False,7.400000095367432,47.29899978637695,46.64799880981445,8.01
212,0,A,29,,PRO,HA,H,False,8.711999893188477,44.30400085449219,46.85100173950195,8.8
213,0,A,29,,PRO,HB2,H,False,9.642999649047852,45.724998474121094,44.784000396728516,8.8
214,0,A,29,,PRO,HB3,H,False,7.931000232696533,45.19599914550781,44.867000579833984,8.8
215,0,A,29,,PRO,HG2,H,False,9.14799976348877,47.87699890136719,45.54199981689453,8.8
216,0,A,29,,PRO,HG3,H,False,7.709000110626221,47.46500015258789,44.540000915527344,8.8
217,0,A,29,,PRO,HD2,H,False,7.605999946594238,48.22100067138672,47.167999267578125,8.8
218,0,A,29,,PRO,HD3,H,False,6.359000205993652,47.194000244140625,46.3849983215332,8.8
219,0,A,31,,VAL,N,N,False,13.684000015258789,47.354000091552734,46.72100067138672,8.14
220,0,A,31,,VAL,CA,C,False,13.96399974822998,48.560001373291016,45.96099853515625,7.78
221,0,A,31,,VAL,C,C,False,15.4399995803833,48.91600036621094,46.03900146484375,8.98
222,0,A,31,,VAL,O,O,False,16.197999954223633,48.33700180053711,46.81700134277344,9.16
223,0,A,31,,VAL,CB,C,False,13.137999534606934,49.779998779296875,46.51100158691406,7.6
224,0,A,31,,VAL,CG1,C,False,11.642999649047852,49.54199981689453,46.334999084472656,6.31
225,0,A,31,,VAL,CG2,C,False,13.430999755859375,50.071998596191406,47.974998474121094,7.78
226,0,A,31,,VAL,H,H,False,14.041000366210938,47.24800109863281,47.62799835205078,7.97
227,0,A,31,,VAL,HA,H,False,13.699000358581543,48.39699935913086,44.930999755859375,7.97
228,0,A,31,,VAL,HB,H,False,13.432000160217285,50.64500045776367,45.92900085449219,7.97
229,0,A,31,,VAL,HG11,H,False,11.401000022888184,49.39500045776367,45.292999267578125,7.97
230,0,A,31,,VAL,HG12,H,False,11.361000061035156,48.66400146484375,46.89799880981445,7.97
231,0,A,31,,VAL,HG13,H,False,11.11299991607666,50.395999908447266,46.73099899291992,7.97
232,0,A,31,,VAL,HG21,H,False,13.166000366210938,49.22999954223633,48.5989990234375,7.97
233,0,A,31,,VAL,HG22,H,False,14.470999717712402,50.334999084472656,48.099998474121094,7.97
234,0,A,31,,VAL,HG23,H,False,12.829999923706055,50.93199920654297,48.237998962402344,7.97
235,0,B,6,,A,P,P,False,19.542999267578125,45.486000061035156,37.21799850463867,16.43
236,0,B,6,,A,OP1,O,False,19.815000534057617,45.51100158691406,38.66999816894531,15.83
237,0,B,6,,A,OP2,O,False,19.062999725341797,44.250999450683594,36.56800079345703,15.56
238,0,B,6,,A,O5',O,False,18.763999938964844,46.82699966430664,36.81800079345703,17.79
239,0,B,6,,A,C5',C,False,19.06599998474121,48.05500030517578,37.45500183105469,16.0
240,0,B,6,,A,C4',C,False,18.23699951171875,49.137001037597656,36.83300018310547,17.08
241,0,B,6,,A,O4',O,False,18.694000244140625,49.32099914550781,35.45800018310547,17.92
242,0,B,6,,A,C3',C,False,16.749000549316406,48.82400131225586,36.65800094604492,17.23
243,0,B,6,,A,O3',O,False,16.077999114990234,49.03900146484375,37.90999984741211,18.68
244,0,B,6,,A,C2',C,False,16.4060001373291,49.83000183105469,35.55099868774414,16.52
245,0,B,6,,A,O2',O,False,16.507999420166016,51.172000885009766,35.959999084472656,14.2
246,0,B,6,,A,C1',C,False,17.59000015258789,49.604000091552734,34.617000579833984,17.28
247,0,B,6,,A,N9,N,False,17.327999114990234,48.4109992980957,33.83100128173828,20.7
248,0,B,6,,A,C8,C,False,17.844999313354492,47.125999450683594,33.946998596191406,21.06
249,0,B,6,,A,N7,N,False,17.350000381469727,46.28499984741211,33.06399917602539,21.81
250,0,B,6,,A,C5,C,False,16.474000930786133,47.071998596191406,32.3129997253418,22.07
251,0,B,6,,A,C6,C,False,15.593000411987305,46.76300048828125,31.266000747680664,23.34
252,0,B,6,,A,N6,N,False,15.520999908447266,45.5359992980957,30.715999603271484,22.79
253,0,B,6,,A,N1,N,False,14.788000106811523,47.763999938964844,30.799999237060547,23.71
254,0,B,6,,A,C2,C,False,14.88700008392334,48.99399948120117,31.358999252319336,23.28
255,0,B,6,,A,N3,N,False,15.687000274658203,49.39899826049805,32.35200119018555,22.35
256,0,B,6,,A,C4,C,False,16.454999923706055,48.380001068115234,32.77799987792969,21.35
257,0,B,6,,A,H5',H,False,20.128000259399414,48.220001220703125,37.36600112915039,16.97
258,0,B,6,,A,H5'',H,False,18.767000198364258,47.91899871826172,38.48500061035156,16.97
259,0,B,6,,A,H4',H,False,18.430999755859375,50.016998291015625,37.430999755859375,16.97
260,0,B,6,,A,H3',H,False,16.60099983215332,47.797000885009766,36.35599899291992,16.97
261,0,B,6,,A,H2',H,False,15.496000289916992,49.57699966430664,35.027000427246094,16.97
262,0,B,6,,A,HO2',H,False,15.697999954223633,51.18000030517578,36.43199920654297,16.97
263,0,B,6,,A,H1',H,False,17.881000518798828,50.46099853515625,34.034000396728516,16.97
264,0,B,6,,A,H8,H,False,18.625999450683594,46.84000015258789,34.64099884033203,22.25
265,0,B,6,,A,H61,H,False,16.07900047302246,44.85900115966797,31.25200080871582,22.25
266,0,B,6,,A,H62,H,False,15.024999618530273,45.409000396728516,29.82699966430664,22.25
267,0,B,6,,A,H2,H,False,14.256999969482422,49.76300048828125,30.950000762939453,22.25
268,0,B,7,,A,P,P,False,14.710000038146973,48.233001708984375,38.30799865722656,20.49
269,0,B,7,,A,OP1,O,False,14.32800006866455,48.68000030517578,39.69499969482422,19.15
270,0,B,7,,A,OP2,O,False,14.982000350952148,46.81399917602539,38.06999969482422,23.65
271,0,B,7,,A,O5',O,False,13.616000175476074,48.54800033569336,37.19200134277344,21.33
272,0,B,7,,A,C5',C,False,13.0649995803833,49.83300018310547,37.14400100708008,22.52
273,0,B,7,,A,C4',C,False,12.081000328063965,49.891998291015625,36.02399826049805,25.21
274,0,B,7,,A,O4',O,False,12.855999946594238,49.5099983215332,34.86199951171875,24.42
275,0,B,7,,A,C3',C,False,10.949999809265137,48.85900115966797,35.95100021362305,27.34
276,0,B,7,,A,O3',O,False,9.819999694824219,49.215999603271484,36.74399948120117,33.53
277,0,B,7,,A,C2',C,False,10.581000328063965,48.9739990234375,34.47600173950195,23.63
278,0,B,7,,A,O2',O,False,9.866000175476074,50.14899826049805,34.09199905395508,24.26
279,0,B,7,,A,C1',C,False,11.984999656677246,48.99599838256836,33.887001037597656,23.93
280,0,B,7,,A,N9,N,False,12.430000305175781,47.638999938964844,33.56700134277344,20.42
281,0,B,7,,A,C8,C,False,13.427000045776367,46.893001556396484,34.15599822998047,19.7
282,0,B,7,,A,N7,N,False,13.5649995803833,45.69499969482422,33.624000549316406,19.78
283,0,B,7,,A,C5,C,False,12.61299991607666,45.66400146484375,32.59700012207031,19.11
284,0,B,7,,A,C6,C,False,12.359000205993652,44.75199890136719,31.538999557495117,19.66
285,0,B,7,,A,N6,N,False,13.00100040435791,43.584999084472656,31.37299919128418,22.29
286,0,B,7,,A,N1,N,False,11.414999961853027,45.09600067138672,30.613000869750977,20.18
287,0,B,7,,A,C2,C,False,10.786999702453613,46.28900146484375,30.729000091552734,18.31
288,0,B,7,,A,N3,N,False,10.967000007629395,47.21900177001953,31.652000427246094,15.38
289,0,B,7,,A,C4,C,False,11.895999908447266,46.84600067138672,32.5629997253418,19.07
290,0,B,7,,A,H5',H,False,13.911999702453613,50.45100021362305,36.89699935913086,25.13
291,0,B,7,,A,H5'',H,False,12.680000305175781,50.17900085449219,38.09199905395508,25.13
292,0,B,7,,A,H4',H,False,11.760000228881836,50.90999984741211,35.917999267578125,25.13
293,0,B,7,,A,H3',H,False,11.45199966430664,47.91600036621094,36.16400146484375,25.13
294,0,B,7,,A,H2',H,False,10.182000160217285,48.05400085449219,34.08599853515625,25.13
295,0,B,7,,A,HO2',H,False,10.41100025177002,50.874000549316406,34.40800094604492,25.13
296,0,B,7,,A,H1',H,False,12.102999687194824,49.68600082397461,33.07099914550781,25.13
297,0,B,7,,A,H8,H,False,14.102999687194824,47.323001861572266,34.89500045776367,19.39
298,0,B,7,,A,H61,H,False,13.76099967956543,43.35200119018555,32.00899887084961,19.39
299,0,B,7,,A,H62,H,False,12.718999862670898,43.02299880981445,30.59000015258789,19.39
300,0,B,7,,A,H2,H,False,10.036999702453613,46.551998138427734,30.007999420166016,19.39
301,0,B,8,,A,P,P,False,8.866000175476074,48.08300018310547,37.37799835205078,37.68
302,0,B,8,,A,OP1,O,False,8.0649995803833,48.97700119018555,38.24399948120117,39.31
303,0,B,8,,A,OP2,O,False,9.654000282287598,47.0,38.01900100708008,37.66
304,0,B,8,,A,O5',O,False,7.943999767303467,47.45800018310547,36.268001556396484,46.68
305,0,B,8,,A,C5',C,False,7.294000148773193,48.314998626708984,35.39500045776367,60.7
306,0,B,8,,A,C4',C,False,6.804999828338623,47.51599884033203,34.220001220703125,72.94
307,0,B,8,,A,O4',O,False,7.965000152587891,46.999000549316406,33.499000549316406,74.03
308,0,B,8,,A,C3',C,False,6.086999893188477,46.196998596191406,34.51100158691406,81.4
309,0,B,8,,A,O3',O,False,4.751999855041504,46.347999572753906,35.0620002746582,96.66
310,0,B,8,,A,C2',C,False,6.159999847412109,45.573001861572266,33.10900115966797,78.79
311,0,B,8,,A,O2',O,False,5.454999923706055,46.1879997253418,32.020999908447266,78.48
312,0,B,8,,A,C1',C,False,7.618000030517578,45.83000183105469,32.76599884033203,74.71
313,0,B,8,,A,N9,N,False,8.586000442504883,44.744998931884766,33.042999267578125,71.62
314,0,B,8,,A,C8,C,False,9.510000228881836,44.62699890136719,34.06999969482422,71.38
315,0,B,8,,A,N7,N,False,10.253000259399414,43.54199981689453,34.00600051879883,71.27
316,0,B,8,,A,C5,C,False,9.803000450134277,42.88999938964844,32.85599899291992,71.36
317,0,B,8,,A,C6,C,False,10.234000205993652,41.69200134277344,32.180999755859375,72.48
318,0,B,8,,A,N6,N,False,11.246000289916992,40.86899948120117,32.569000244140625,73.83
319,0,B,8,,A,N1,N,False,9.567000389099121,41.36199951171875,31.049999237060547,72.47
320,0,B,8,,A,C2,C,False,8.559000015258789,42.15999984741211,30.608999252319336,71.78
321,0,B,8,,A,N3,N,False,8.088000297546387,43.29899978637695,31.128999710083008,71.06
322,0,B,8,,A,C4,C,False,8.758999824523926,43.6150016784668,32.262001037597656,71.4
323,0,B,8,,A,H5',H,False,8.133999824523926,48.92300033569336,35.08599853515625,73.82
324,0,B,8,,A,H5'',H,False,6.599999904632568,48.89699935913086,35.97600173950195,73.82
325,0,B,8,,A,H4',H,False,6.304999828338623,48.18899917602539,33.56100082397461,73.82
326,0,B,8,,A,H3',H,False,6.708000183105469,45.62699890136719,35.18199920654297,73.82
327,0,B,8,,A,H2',H,False,6.1479997634887695,44.49800109863281,33.16999816894531,73.82
328,0,B,8,,A,HO2',H,False,5.468999862670898,45.499000549316406,31.354000091552734,73.82
329,0,B,8,,A,H1',H,False,7.664000034332275,46.012001037597656,31.704999923706055,73.82
330,0,B,8,,A,H8,H,False,9.689000129699707,45.37200164794922,34.82500076293945,71.86
331,0,B,8,,A,H61,H,False,11.8100004196167,41.084999084472656,33.37900161743164,71.86
332,0,B,8,,A,H62,H,False,11.465999603271484,40.02299880981445,32.05500030517578,71.86
333,0,B,8,,A,H2,H,False,8.069999694824219,41.77299880981445,29.724000930786133,71.86
334,0,B,9,,A,P,P,False,4.0279998779296875,45.16600036621094,35.935001373291016,107.32
335,0,B,9,,A,OP1,O,False,2.7239999771118164,45.87300109863281,36.08599853515625,108.35
336,0,B,9,,A,OP2,O,False,4.705999851226807,44.763999938964844,37.16400146484375,106.34
337,0,B,9,,A,O5',O,False,3.8320000171661377,43.94200134277344,34.957000732421875,118.36
338,0,B,9,,A,C5',C,False,3.2360000610351562,44.11800003051758,33.665000915527344,135.96
339,0,B,9,,A,C4',C,False,2.9649999141693115,42.750999450683594,33.07500076293945,148.64
340,0,B,9,,A,O4',O,False,4.1620001792907715,42.270999908447266,32.38800048828125,151.01
341,0,B,9,,A,C3',C,False,2.6700000762939453,41.680999755859375,34.137001037597656,156.62
342,0,B,9,,A,O3',O,False,1.2920000553131104,41.880001068115234,34.555999755859375,167.82
343,0,B,9,,A,C2',C,False,3.062999963760376,40.402000427246094,33.388999938964844,155.56
344,0,B,9,,A,O2',O,False,2.0769999027252197,39.96099853515625,32.479000091552734,156.52
345,0,B,9,,A,C1',C,False,4.248000144958496,40.861000061035156,32.5260009765625,153.73
346,0,B,9,,A,N9,N,False,5.574999809265137,40.48400115966797,33.053001403808594,153.72
347,0,B,9,,A,C8,C,False,6.239999771118164,40.87699890136719,34.198001861572266,153.43
348,0,B,9,,A,N7,N,False,7.421000003814697,40.31999969482422,34.354000091552734,153.18
349,0,B,9,,A,C5,C,False,7.553999900817871,39.505001068115234,33.233001708984375,153.54
350,0,B,9,,A,C6,C,False,8.593999862670898,38.654998779296875,32.77299880981445,154.19
351,0,B,9,,A,N6,N,False,9.772000312805176,38.42499923706055,33.409000396728516,153.27
352,0,B,9,,A,N1,N,False,8.366000175476074,38.02799987792969,31.597999572753906,153.63
353,0,B,9,,A,C2,C,False,7.196000099182129,38.22800064086914,30.92799949645996,153.82
354,0,B,9,,A,N3,N,False,6.176000118255615,38.983001708984375,31.25,153.65
355,0,B,9,,A,C4,C,False,6.415999889373779,39.60200119018555,32.422000885009766,153.94
356,0,B,9,,A,H5',H,False,3.890000104904175,44.66400146484375,32.99800109863281,149.36
357,0,B,9,,A,H5'',H,False,2.3310000896453857,44.720001220703125,33.73099899291992,149.36
358,0,B,9,,A,H4',H,False,2.1610000133514404,42.8120002746582,32.358001708984375,149.36
359,0,B,9,,A,H3',H,False,3.321000099182129,41.78900146484375,34.98400115966797,149.36
360,0,B,9,,A,H2',H,False,3.4040000438690186,39.645999908447266,34.07899856567383,149.36
361,0,B,9,,A,HO2',H,False,2.322000026702881,39.11800003051758,32.095001220703125,149.36
362,0,B,9,,A,H1',H,False,4.114999771118164,40.40599822998047,31.552000045776367,149.36
363,0,B,9,,A,H8,H,False,5.834000110626221,41.59000015258789,34.88399887084961,153.64
364,0,B,9,,A,H61,H,False,10.005000114440918,38.89099884033203,34.26900100708008,153.64
365,0,B,9,,A,H62,H,False,10.458999633789062,37.768001556396484,33.03499984741211,153.64
366,0,B,9,,A,H2,H,False,7.11299991607666,37.6349983215332,30.025999069213867,153.64
367,0,B,10,,A,P,P,False,0.48399999737739563,40.827999114990234,35.49300003051758,177.0
368,0,B,10,,A,OP1,O,False,-0.7210000157356262,41.71200180053711,35.47100067138672,177.03
369,0,B,10,,A,OP2,O,False,1.0479999780654907,40.40999984741211,36.82400131225586,176.33
370,0,B,10,,A,O5',O,False,0.04800000041723251,39.62200164794922,34.492000579833984,183.5
371,0,B,10,,A,C5',C,False,-0.4830000102519989,39.80500030517578,33.10499954223633,194.09
372,0,B,10,,A,C4',C,False,-0.7829999923706055,38.44900131225586,32.39799880981445,201.34
373,0,B,10,,A,O4',O,False,0.4359999895095825,37.861000061035156,31.809999465942383,205.19
374,0,B,10,,A,C3',C,False,-1.3380000591278076,37.35900115966797,33.323001861572266,204.19
375,0,B,10,,A,O3',O,False,-2.7899999618530273,37.55099868774414,33.56999969482422,204.67
376,0,B,10,,A,C2',C,False,-0.8949999809265137,36.02899932861328,32.667999267578125,206.35
377,0,B,10,,A,O2',O,False,-1.9700000286102295,35.415000915527344,31.92300033569336,206.36
378,0,B,10,,A,C1',C,False,0.39800000190734863,36.42300033569336,31.886999130249023,208.19
379,0,B,10,,A,N9,N,False,1.7089999914169312,35.933998107910156,32.43299865722656,211.79
380,0,B,10,,A,C8,C,False,2.2730000019073486,36.308998107910156,33.654998779296875,213.47
381,0,B,10,,A,N7,N,False,3.4240000247955322,35.72100067138672,33.92900085449219,214.23
382,0,B,10,,A,C5,C,False,3.6600000858306885,34.89899826049805,32.82400131225586,214.39
383,0,B,10,,A,C6,C,False,4.664999961853027,33.895999908447266,32.569000244140625,214.33
384,0,B,10,,A,N6,N,False,5.705999851226807,33.637001037597656,33.3849983215332,213.83
385,0,B,10,,A,N1,N,False,4.547999858856201,33.16400146484375,31.43400001525879,213.68
386,0,B,10,,A,C2,C,False,3.503999948501587,33.40800094604492,30.618999481201172,214.1
387,0,B,10,,A,N3,N,False,2.5,34.29499816894531,30.7450008392334,213.81
388,0,B,10,,A,C4,C,False,2.622999906539917,35.025001525878906,31.8799991607666,213.41
389,0,B,10,,A,H5',H,False,0.23399999737739563,40.301998138427734,32.4739990234375,201.54
390,0,B,10,,A,H5'',H,False,-1.378000020980835,40.41600036621094,33.01599884033203,201.54
391,0,B,10,,A,H4',H,False,-1.4910000562667847,38.59600067138672,31.583999633789062,201.54
392,0,B,10,,A,H3',H,False,-0.7770000100135803,37.472999572753906,34.23699951171875,201.54
393,0,B,10,,A,HO3',H,False,-3.078000068664551,38.30099868774414,33.051998138427734,201.54
394,0,B,10,,A,H2',H,False,-0.6399999856948853,35.32400131225586,33.44499969482422,201.54
395,0,B,10,,A,HO2',H,False,-1.5759999752044678,34.89400100708008,31.225000381469727,201.54
396,0,B,10,,A,H1',H,False,0.32600000500679016,36.020999908447266,30.88800048828125,201.54
397,0,B,10,,A,H8,H,False,1.8279999494552612,37.02399826049805,34.3380012512207,213.7
398,0,B,10,,A,H61,H,False,5.795000076293945,34.1349983215332,34.26300048828125,213.7
399,0,B,10,,A,H62,H,False,6.4029998779296875,32.948001861572266,33.141998291015625,213.7
400,0,B,10,,A,H2,H,False,3.4670000076293945,32.819000244140625,29.7189998626709,213.7
401,0,C,1,,U,OP3,O,False,13.619999885559082,31.170000076293945,29.10700035095215,220.87
402,0,C,1,,U,P,P,False,13.89900016784668,32.667999267578125,28.57200050354004,220.49
403,0,C,1,,U,OP1,O,False,14.098999977111816,33.37300109863281,29.881999969482422,220.65
404,0,C,1,,U,OP2,O,False,14.98799991607666,32.63999938964844,27.547000885009766,220.7
405,0,C,1,,U,O5',O,False,12.49899959564209,33.1150016784668,27.900999069213867,218.68
406,0,C,1,,U,C5',C,False,11.979000091552734,32.5880012512207,26.641000747680664,213.82
407,0,C,1,,U,C4',C,False,10.63700008392334,33.21900177001953,26.22599983215332,209.73
408,0,C,1,,U,O4',O,False,9.623000144958496,33.130001068115234,27.27199935913086,210.96
409,0,C,1,,U,C3',C,False,10.687999725341797,34.67599868774414,25.801000595092773,205.94
410,0,C,1,,U,O3',O,False,11.211000442504883,34.643001556396484,24.457000732421875,196.11
411,0,C,1,,U,C2',C,False,9.218000411987305,35.0989990234375,26.023000717163086,208.21
412,0,C,1,,U,O2',O,False,8.288999557495117,34.625999450683594,24.948999404907227,208.59
413,0,C,1,,U,C1',C,False,8.88700008392334,34.3489990234375,27.333999633789062,210.66
414,0,C,1,,U,N1,N,False,9.152000427246094,34.92499923706055,28.680999755859375,211.95
415,0,C,1,,U,C2,C,False,8.194000244140625,35.737998962402344,29.283000946044922,212.27
416,0,C,1,,U,O2,O,False,7.133999824523926,36.08300018310547,28.738000869750977,212.43
417,0,C,1,,U,N3,N,False,8.545000076293945,36.14400100708008,30.56100082397461,212.12
418,0,C,1,,U,C4,C,False,9.696000099182129,35.895999908447266,31.275999069213867,212.23
419,0,C,1,,U,O4,O,False,9.838000297546387,36.36199951171875,32.417999267578125,211.55
420,0,C,1,,U,C5,C,False,10.62399959564209,35.10300064086914,30.601999282836914,212.18
421,0,C,1,,U,C6,C,False,10.33899974822998,34.64500045776367,29.37299919128418,212.3
422,0,C,1,,U,HOP3,H,False,13.48900032043457,31.40399932861328,30.035999298095703,210.36
423,0,C,1,,U,H5',H,False,11.730999946594238,31.542999267578125,26.746999740600586,210.36
424,0,C,1,,U,H5'',H,False,12.640000343322754,32.79999923706055,25.81800079345703,210.36
425,0,C,1,,U,H4',H,False,10.187000274658203,32.72999954223633,25.374000549316406,210.36
426,0,C,1,,U,H3',H,False,11.32699966430664,35.244998931884766,26.45599937438965,210.36
427,0,C,1,,U,H2',H,False,9.104999542236328,36.143001556396484,26.32900047302246,210.36
428,0,C,1,,U,HO2',H,False,7.635000228881836,35.361000061035156,25.14900016784668,210.36
429,0,C,1,,U,H1',H,False,7.828999996185303,34.11899948120117,27.30699920654297,210.36
430,0,C,1,,U,H3,H,False,7.997000217437744,36.597999572753906,31.239999771118164,212.13
431,0,C,1,,U,H5,H,False,11.520999908447266,34.92900085449219,31.17099952697754,212.13
432,0,C,1,,U,H6,H,False,11.090999603271484,33.99700164794922,28.992000579833984,212.13
433,0,C,2,,U,P,P,False,11.821000099182129,35.9739990234375,23.790000915527344,188.88
434,0,C,2,,U,OP1,O,False,11.829999923706055,35.731998443603516,22.322999954223633,188.61
435,0,C,2,,U,OP2,O,False,13.045000076293945,36.42399978637695,24.514999389648438,188.4
436,0,C,2,,U,O5',O,False,10.579999923706055,36.9739990234375,23.913999557495117,182.05
437,0,C,2,,U,C5',C,False,9.333999633789062,36.762001037597656,23.184999465942383,170.63
438,0,C,2,,U,C4',C,False,8.234999656677246,37.70800018310547,23.68400001525879,162.5
439,0,C,2,,U,O4',O,False,7.894999980926514,37.435001373291016,25.07900047302246,161.44
440,0,C,2,,U,C3',C,False,8.692000389099121,39.14899826049805,23.753000259399414,156.34
441,0,C,2,,U,O3',O,False,8.600000381469727,39.73699951171875,22.483999252319336,146.25
442,0,C,2,,U,C2',C,False,7.769999980926514,39.77399826049805,24.801000595092773,157.65
443,0,C,2,,U,O2',O,False,6.440999984741211,40.07899856567383,24.3700008392334,156.92
444,0,C,2,,U,C1',C,False,7.758999824523926,38.64500045776367,25.827999114990234,159.22
445,0,C,2,,U,N1,N,False,8.817999839782715,38.74599838256836,26.875,158.65
446,0,C,2,,U,C2,C,False,8.545000076293945,39.59600067138672,27.947999954223633,158.45
447,0,C,2,,U,O2,O,False,7.48199987411499,40.23500061035156,28.030000686645508,157.8
448,0,C,2,,U,N3,N,False,9.545999526977539,39.67300033569336,28.916000366210938,157.12
449,0,C,2,,U,C4,C,False,10.781999588012695,39.00400161743164,28.947999954223633,157.51
450,0,C,2,,U,O4,O,False,11.562999725341797,39.15700149536133,29.9060001373291,155.53
451,0,C,2,,U,C5,C,False,11.0,38.14799880981445,27.829999923706055,157.05
452,0,C,2,,U,C6,C,False,10.050000190734863,38.04899978637695,26.856000900268555,158.59
453,0,C,2,,U,H5',H,False,8.963000297546387,35.742000579833984,23.2189998626709,161.44
454,0,C,2,,U,H5'',H,False,9.581999778747559,37.005001068115234,22.160999298095703,161.44
455,0,C,2,,U,H4',H,False,7.3420000076293945,37.59700012207031,23.075000762939453,161.44
456,0,C,2,,U,H3',H,False,9.72599983215332,39.20500183105469,24.070999145507812,161.44
457,0,C,2,,U,H2',H,False,8.241999626159668,40.62799835205078,25.270000457763672,161.44
458,0,C,2,,U,HO2',H,False,5.986999988555908,40.4900016784668,25.104999542236328,161.44
459,0,C,2,,U,H1',H,False,6.791999816894531,38.518001556396484,26.288000106811523,161.44
460,0,C,2,,U,H3,H,False,9.333999633789062,40.270999908447266,29.698999404907227,157.59
461,0,C,2,,U,H5,H,False,11.887999534606934,37.52799987792969,27.819000244140625,157.59
462,0,C,2,,U,H6,H,False,10.295000076293945,37.356998443603516,26.069000244140625,157.59
463,0,C,3,,U,P,P,False,9.638999938964844,40.88100051879883,22.125,138.6
464,0,C,3,,U,OP1,O,False,9.715999603271484,41.0989990234375,20.663000106811523,138.35
465,0,C,3,,U,OP2,O,False,10.949000358581543,40.667999267578125,22.858999252319336,137.63
466,0,C,3,,U,O5',O,False,9.04699993133545,42.233001708984375,22.77899932861328,130.36
467,0,C,3,,U,C5',C,False,7.823999881744385,42.89699935913086,22.32699966430664,116.18
468,0,C,3,,U,C4',C,False,7.422999858856201,44.10499954223633,23.209999084472656,106.38
469,0,C,3,,U,O4',O,False,7.0279998779296875,43.7239990234375,24.56800079345703,103.6
470,0,C,3,,U,C3',C,False,8.456999778747559,45.2140007019043,23.40399932861328,99.41
471,0,C,3,,U,O3',O,False,8.437999725341797,46.12099838256836,22.308000564575195,89.88
472,0,C,3,,U,C2',C,False,7.927000045776367,45.92399978637695,24.652000427246094,99.27
473,0,C,3,,U,O2',O,False,6.821000099182129,46.770999908447266,24.413999557495117,98.35
474,0,C,3,,U,C1',C,False,7.460999965667725,44.72999954223633,25.486000061035156,100.15
475,0,C,3,,U,N1,N,False,8.595000267028809,44.209999084472656,26.270999908447266,98.98
476,0,C,3,,U,C2,C,False,8.899999618530273,44.83100128173828,27.481000900268555,98.16
477,0,C,3,,U,O2,O,False,8.230999946594238,45.78499984741211,27.961000442504883,97.23
478,0,C,3,,U,N3,N,False,10.019000053405762,44.290000915527344,28.104999542236328,97.21
479,0,C,3,,U,C4,C,False,10.835000038146973,43.20600128173828,27.65999984741211,96.7
480,0,C,3,,U,O4,O,False,11.843999862670898,42.84400177001953,28.297000885009766,96.48
481,0,C,3,,U,C5,C,False,10.41100025177002,42.63199996948242,26.434999465942383,97.24
482,0,C,3,,U,C6,C,False,9.343000411987305,43.132999420166016,25.801000595092773,97.68
483,0,C,3,,U,H5',H,False,6.943999767303467,42.2760009765625,22.297000885009766,104.84
484,0,C,3,,U,H5'',H,False,7.9629998207092285,43.284000396728516,21.323999404907227,104.84
485,0,C,3,,U,H4',H,False,6.560999870300293,44.58300018310547,22.76099967956543,104.84
486,0,C,3,,U,H3',H,False,9.432999610900879,44.750999450683594,23.5049991607666,104.84
487,0,C,3,,U,H2',H,False,8.760000228881836,46.46699905395508,25.09000015258789,104.84
488,0,C,3,,U,HO2',H,False,7.195000171661377,47.516998291015625,23.923999786376953,104.84
489,0,C,3,,U,H1',H,False,6.631999969482422,45.04800033569336,26.093000411987305,104.84
490,0,C,3,,U,H3,H,False,10.244999885559082,44.75600051879883,28.966999053955078,97.46
491,0,C,3,,U,H5,H,False,10.916000366210938,41.7599983215332,26.04400062561035,97.46
492,0,C,3,,U,H6,H,False,9.039999961853027,42.63800048828125,24.893999099731445,97.46
493,0,C,4,,U,P,P,False,9.803999900817871,46.770999908447266,21.79400062561035,80.94
494,0,C,4,,U,OP1,O,False,9.595000267028809,47.36000061035156,20.42799949645996,82.82
495,0,C,4,,U,OP2,O,False,11.019000053405762,45.89500045776367,21.989999771118164,80.12
496,0,C,4,,U,O5',O,False,10.151000022888184,47.92499923706055,22.86199951171875,72.36
497,0,C,4,,U,C5',C,False,9.237000465393066,48.97200012207031,23.2549991607666,55.94
498,0,C,4,,U,C4',C,False,9.718999862670898,49.76599884033203,24.5,45.52
499,0,C,4,,U,O4',O,False,9.543000221252441,49.02000045776367,25.753999710083008,42.14
500,0,C,4,,U,C3',C,False,11.170999526977539,50.229000091552734,24.607999801635742,38.97
501,0,C,4,,U,O3',O,False,11.45199966430664,51.340999603271484,23.76300048828125,33.49
502,0,C,4,,U,C2',C,False,11.220000267028809,50.638999938964844,26.089000701904297,37.51
503,0,C,4,,U,O2',O,False,10.48799991607666,51.77299880981445,26.548999786376953,34.25
504,0,C,4,,U,C1',C,False,10.501999855041504,49.44900131225586,26.722999572753906,37.99
505,0,C,4,,U,N1,N,False,11.430000305175781,48.33700180053711,27.051000595092773,37.25
506,0,C,4,,U,C2,C,False,12.192999839782715,48.41299819946289,28.229000091552734,36.06
507,0,C,4,,U,O2,O,False,12.140999794006348,49.38999938964844,28.985000610351562,35.01
508,0,C,4,,U,N3,N,False,13.029000282287598,47.30699920654297,28.469999313354492,36.59
509,0,C,4,,U,C4,C,False,13.20199966430664,46.138999938964844,27.66200065612793,37.98
510,0,C,4,,U,O4,O,False,14.01200008392334,45.20000076293945,27.993999481201172,38.67
511,0,C,4,,U,C5,C,False,12.383000373840332,46.16400146484375,26.468000411987305,37.27
512,0,C,4,,U,C6,C,False,11.548999786376953,47.224998474121094,26.22100067138672,37.54
513,0,C,4,,U,H5',H,False,8.284000396728516,48.566001892089844,23.55299949645996,44.24
514,0,C,4,,U,H5'',H,False,9.07800006866455,49.68199920654297,22.45599937438965,44.24
515,0,C,4,,U,H4',H,False,9.0649995803833,50.61800003051758,24.643999099731445,44.24
516,0,C,4,,U,H3',H,False,11.763999938964844,49.36600112915039,24.329999923706055,44.24
517,0,C,4,,U,H2',H,False,12.253000259399414,50.59600067138672,26.40999984741211,44.24
518,0,C,4,,U,HO2',H,False,10.907999992370605,51.95800018310547,27.4060001373291,44.24
519,0,C,4,,U,H1',H,False,9.993000030517578,49.784000396728516,27.61199951171875,44.24
520,0,C,4,,U,H3,H,False,13.531000137329102,47.402000427246094,29.35099983215332,37.05
521,0,C,4,,U,H5,H,False,12.395000457763672,45.34600067138672,25.770000457763672,37.05
522,0,C,4,,U,H6,H,False,10.923999786376953,47.207000732421875,25.339000701904297,37.05
523,0,C,5,,U,P,P,False,12.809000015258789,51.402000427246094,22.900999069213867,26.88
524,0,C,5,,U,OP1,O,False,12.800000190734863,52.39699935913086,21.777000427246094,29.05
525,0,C,5,,U,OP2,O,False,13.47599983215332,50.0880012512207,22.639999389648438,28.0
526,0,C,5,,U,O5',O,False,13.821000099182129,52.005001068115234,23.98200035095215,24.49
527,0,C,5,,U,C5',C,False,13.713000297546387,53.32699966430664,24.520000457763672,19.13
528,0,C,5,,U,C4',C,False,14.508000373840332,53.46900177001953,25.81399917602539,19.12
529,0,C,5,,U,O4',O,False,14.116999626159668,52.4370002746582,26.757999420166016,17.02
530,0,C,5,,U,C3',C,False,16.02400016784668,53.28099822998047,25.69700050354004,17.7
531,0,C,5,,U,O3',O,False,16.63800048828125,54.46099853515625,25.20400047302246,16.78
532,0,C,5,,U,C2',C,False,16.42099952697754,52.941001892089844,27.134000778198242,17.39
533,0,C,5,,U,O2',O,False,16.43199920654297,54.0629997253418,28.038000106811523,15.1
534,0,C,5,,U,C1',C,False,15.262999534606934,51.983001708984375,27.47800064086914,18.56
535,0,C,5,,U,N1,N,False,15.54800033569336,50.54600143432617,27.17300033569336,19.07
536,0,C,5,,U,C2,C,False,16.35700035095215,49.86199951171875,28.106000900268555,20.47
537,0,C,5,,U,O2,O,False,16.840999603271484,50.387001037597656,29.093000411987305,19.0
538,0,C,5,,U,N3,N,False,16.59600067138672,48.520999908447266,27.843000411987305,20.66
539,0,C,5,,U,C4,C,False,16.158000946044922,47.77299880981445,26.80299949645996,21.11
540,0,C,5,,U,O4,O,False,16.43600082397461,46.55799865722656,26.812999725341797,25.18
541,0,C,5,,U,C5,C,False,15.347999572753906,48.499000549316406,25.850000381469727,20.3
542,0,C,5,,U,C6,C,False,15.069999694824219,49.82699966430664,26.06100082397461,18.03
543,0,C,5,,U,H5',H,False,12.680999755859375,53.59299850463867,24.65399932861328,18.36
544,0,C,5,,U,H5'',H,False,14.152999877929688,53.999000549316406,23.790000915527344,18.36
545,0,C,5,,U,H4',H,False,14.251999855041504,54.41699981689453,26.26099967956543,18.36
546,0,C,5,,U,H3',H,False,16.229000091552734,52.47800064086914,25.00200080871582,18.36
547,0,C,5,,U,H2',H,False,17.333999633789062,52.3650016784668,27.124000549316406,18.36
548,0,C,5,,U,HO2',H,False,15.538999557495117,54.38600158691406,28.0939998626709,18.36
549,0,C,5,,U,H1',H,False,14.961999893188477,52.0629997253418,28.506999969482422,18.36
550,0,C,5,,U,H3,H,False,17.18000030517578,48.042999267578125,28.51300048828125,20.48
551,0,C,5,,U,H5,H,False,14.949999809265137,47.948001861572266,25.011999130249023,20.48
552,0,C,5,,U,H6,H,False,14.420999526977539,50.303001403808594,25.34600067138672,20.48
